-- phpMyAdmin SQL Dump
-- version 5.1.1
-- https://www.phpmyadmin.net/
--
-- Hôte : 127.0.0.1:3306
-- Généré le : ven. 07 jan. 2022 à 09:51
-- Version du serveur : 8.0.27
-- Version de PHP : 8.0.13

SET SQL_MODE = "NO_AUTO_VALUE_ON_ZERO";
START TRANSACTION;
SET time_zone = "+00:00";


/*!40101 SET @OLD_CHARACTER_SET_CLIENT=@@CHARACTER_SET_CLIENT */;
/*!40101 SET @OLD_CHARACTER_SET_RESULTS=@@CHARACTER_SET_RESULTS */;
/*!40101 SET @OLD_COLLATION_CONNECTION=@@COLLATION_CONNECTION */;
/*!40101 SET NAMES utf8mb4 */;

--
-- Base de données : `to-the-moon`
--

-- --------------------------------------------------------

--
-- Structure de la table `answers`
--

DROP TABLE IF EXISTS `answers`;
CREATE TABLE IF NOT EXISTS `answers` (
  `id` int NOT NULL AUTO_INCREMENT,
  `question_id` int NOT NULL,
  `answer` varchar(255) CHARACTER SET utf8 COLLATE utf8_general_ci NOT NULL,
  `is_correct` tinyint(1) NOT NULL,
  PRIMARY KEY (`id`,`question_id`),
  KEY `fk_id_question` (`question_id`)
) ENGINE=InnoDB AUTO_INCREMENT=970 DEFAULT CHARSET=utf8mb3;

--
-- Déchargement des données de la table `answers`
--

INSERT INTO `answers` (`id`, `question_id`, `answer`, `is_correct`) VALUES
(1, 1, 'Accolade', 0),
(2, 1, 'MicroProse', 0),
(3, 1, 'Palace Software', 0),
(4, 1, 'Blizzard Ent.', 1),
(5, 2, 'Les 5 ans', 0),
(6, 2, 'Les 15 ans', 0),
(7, 2, 'Les 10 ans', 1),
(8, 2, 'Les 20 ans', 0),
(9, 3, 'Puzzle', 0),
(10, 3, 'Arcade', 0),
(11, 3, 'Survival horror', 0),
(12, 3, 'MMORPG', 1),
(13, 4, '2007', 0),
(14, 4, '2010', 0),
(15, 4, '2013', 0),
(16, 4, '2004', 1),
(17, 5, 'Celestia', 0),
(18, 5, 'Azeroth', 1),
(19, 5, 'Tyrie', 0),
(20, 5, 'Koprulu', 0),
(21, 6, 'Elfes et Gobelins', 0),
(22, 6, 'Alliance et Horde', 1),
(23, 6, 'Titans et Centaures', 0),
(24, 6, 'Orcs et Trolls', 0),
(25, 7, 'Vitesse', 0),
(26, 7, 'Quêtes', 1),
(27, 7, 'Cadeaux', 0),
(28, 7, 'Trocs', 0),
(29, 8, 'Entité', 0),
(30, 8, 'Royaume', 1),
(31, 8, 'Plateau', 0),
(32, 8, 'Tour', 0),
(33, 9, 'Rouge', 0),
(34, 9, 'Bleu', 0),
(35, 9, 'Vert', 1),
(36, 9, 'Blanc', 0),
(37, 10, 'Donjons', 0),
(38, 10, 'Cimetières', 0),
(39, 10, 'Arènes', 1),
(40, 10, 'Plaines', 0),
(41, 11, 'Cataclysm', 0),
(42, 11, 'Pandaria', 0),
(43, 11, 'Lich King', 0),
(44, 11, 'Legion', 1),
(45, 12, 'Troll', 0),
(46, 12, 'Mort-vivant', 0),
(47, 12, 'Gnome', 1),
(48, 12, 'Orc', 0),
(49, 13, '25 euros', 1),
(50, 13, '45 euros', 0),
(51, 13, '15 euros', 0),
(52, 13, '35 euros', 0),
(53, 14, 'Dryade', 0),
(54, 14, 'Centaure', 0),
(55, 14, 'Draconide', 0),
(56, 14, 'Pandaren', 1),
(57, 15, 'Treize', 0),
(58, 15, 'Neuf', 1),
(59, 15, 'Onze', 0),
(60, 15, 'Sept', 0),
(61, 16, 'W2P', 0),
(62, 16, 'K2P', 0),
(63, 16, 'F2P', 1),
(64, 16, 'P2P', 0),
(65, 17, 'Sésame', 1),
(66, 17, 'Propulseur', 0),
(67, 17, 'Parapluie', 0),
(68, 17, 'Clé verte', 0),
(69, 18, 'Douze', 0),
(70, 18, 'Quatre', 0),
(71, 18, 'Seize', 1),
(72, 18, 'Huit', 0),
(73, 19, 'Pandaria', 0),
(74, 19, 'Cataclysm', 0),
(75, 19, 'Legion', 1),
(76, 19, 'Lich King', 0),
(77, 20, '50 pièces d\'or', 0),
(78, 20, '10 pièces d\'or', 1),
(79, 20, '100 pièces d\'or', 0),
(80, 20, '30 pièces d\'or', 0),
(81, 21, 'Loups-garous', 1),
(82, 21, 'Elfes', 0),
(83, 21, 'Orcs', 0),
(84, 21, 'Zombies', 0),
(85, 22, 'Sylvanas', 0),
(86, 22, 'Anduin', 0),
(87, 22, 'Arthas', 1),
(88, 22, 'Thrall', 0),
(89, 23, 'Dr House', 0),
(90, 23, 'Grey\'s Anatomy', 0),
(91, 23, 'Urgence', 0),
(92, 23, 'Stargate Atlantis', 1),
(93, 24, 'Moine', 1),
(94, 24, 'Chirurgien', 0),
(95, 24, 'Charpentier', 0),
(96, 24, 'Botaniste', 0),
(97, 25, 'Joaillerie', 0),
(98, 25, 'Minage', 0),
(99, 25, 'Archéologie', 1),
(100, 25, 'Calligraphie', 0),
(101, 26, 'Outreterre', 1),
(102, 26, 'Darnassus', 0),
(103, 26, 'Kalimdor', 0),
(104, 26, 'Norfendre', 0),
(105, 27, 'Runners', 0),
(106, 27, 'Farmers', 1),
(107, 27, 'Miners', 0),
(108, 27, 'Killers', 0),
(109, 28, 'Nordrassil', 0),
(110, 28, 'Kezan', 0),
(111, 28, 'Pandaria', 0),
(112, 28, 'Zandalar', 1),
(113, 29, '-2900', 1),
(114, 29, '3024', 0),
(115, 29, '1148', 0),
(116, 29, '55', 0),
(117, 30, 'Kamagua', 0),
(118, 30, 'Rohart', 0),
(119, 30, 'Ner\'zhul', 1),
(120, 30, 'Naaru', 0),
(121, 31, 'Jesse Pinkman', 0),
(122, 31, 'Hank Schrader', 0),
(123, 31, 'Walter White', 1),
(124, 31, 'Saul Goodman', 0),
(125, 32, 'Saison 4', 0),
(126, 32, 'Saison 3', 0),
(127, 32, 'Saison 1', 1),
(128, 32, 'Saison 2', 0),
(129, 33, 'Kétamine', 0),
(130, 33, 'Cocaïne', 0),
(131, 33, 'Héroïne', 0),
(132, 33, 'Méthamphétamine', 1),
(133, 34, 'Taxi', 0),
(134, 34, 'Camping-car', 1),
(135, 34, 'Camion', 0),
(136, 34, 'Bus', 0),
(137, 35, 'Cancer du poumon', 1),
(138, 35, 'Cancer du colon', 0),
(139, 35, 'Cancer de la gorge', 0),
(140, 35, 'Cancer de la peau', 0),
(141, 36, 'Lidia', 0),
(142, 36, 'Skyler', 1),
(143, 36, 'Jesse', 0),
(144, 36, 'Hilary', 0),
(145, 37, 'Agent de la NSA', 0),
(146, 37, 'Agent du FBI', 0),
(147, 37, 'Agent de la CIA', 0),
(148, 37, 'Agent de la DEA', 1),
(149, 38, 'Gustavo Fring', 0),
(150, 38, 'Hank Schrader', 0),
(151, 38, 'Saul Goodman', 0),
(152, 38, 'Jesse Pinkman', 1),
(153, 39, 'Mark Johnson', 0),
(154, 39, 'Jesse Pinkman', 1),
(155, 39, 'Hank Schrader', 0),
(156, 39, 'Gus Fring', 0),
(157, 40, 'Sept', 0),
(158, 40, 'Cinq', 1),
(159, 40, 'Huit', 0),
(160, 40, 'Six', 0),
(161, 41, 'Roswell', 0),
(162, 41, 'Albuquerque', 1),
(163, 41, 'Los Alamos', 0),
(164, 41, 'Farmington', 0),
(165, 42, 'Einstein', 0),
(166, 42, 'Iceberg', 0),
(167, 42, 'Gutenberg', 0),
(168, 42, 'Heisenberg', 1),
(169, 43, 'Avocat', 0),
(170, 43, 'Menuisier', 0),
(171, 43, 'Banquier', 0),
(172, 43, 'Policier', 1),
(173, 44, 'Mike', 0),
(174, 44, 'Harry', 0),
(175, 44, 'Franck', 0),
(176, 44, 'Hank', 1),
(177, 45, 'Hank Schrader', 0),
(178, 45, 'Jesse Pinkman', 0),
(179, 45, 'Gus Fring', 1),
(180, 45, 'Saul Goodman', 0),
(181, 46, 'Trompette', 0),
(182, 46, 'Clavier', 0),
(183, 46, 'Marqueur', 0),
(184, 46, 'Sonnette', 1),
(185, 47, 'Flynn', 0),
(186, 47, 'Walter', 1),
(187, 47, 'Lidia', 0),
(188, 47, 'Todd', 0),
(189, 48, 'Vince Gilligan', 1),
(190, 48, 'Bryan Cranston', 0),
(191, 48, 'Allan Ball', 0),
(192, 48, 'Dick Wolf', 0),
(193, 49, 'Sourd', 0),
(194, 49, 'Aveugle', 0),
(195, 49, 'Muet', 0),
(196, 49, 'Handicapé', 1),
(197, 50, '62', 1),
(198, 50, '82', 0),
(199, 50, '92', 0),
(200, 50, '72', 0),
(201, 51, 'HBO', 0),
(202, 51, 'AMC', 1),
(203, 51, 'ABC', 0),
(204, 51, 'CBS', 0),
(205, 52, 'Capitaine Cook', 1),
(206, 52, 'Bad Pink', 0),
(207, 52, 'Gus', 0),
(208, 52, 'El Tuco', 0),
(209, 53, '2008', 1),
(210, 53, '2007', 0),
(211, 53, '2009', 0),
(212, 53, '2010', 0),
(213, 54, 'Huile', 0),
(214, 54, 'Glace', 0),
(215, 54, 'Lait', 0),
(216, 54, 'Acide', 1),
(217, 55, 'Jane', 1),
(218, 55, 'Marie', 0),
(219, 55, 'Skyler', 0),
(220, 55, 'Jessica', 0),
(221, 56, 'Spaghettis', 0),
(222, 56, 'Bacon', 1),
(223, 56, 'Saucisses', 0),
(224, 56, 'Oignons', 0),
(225, 57, '2 millions', 0),
(226, 57, '4 millions', 0),
(227, 57, '3 millions', 1),
(228, 57, '1 million', 0),
(229, 58, 'Vince Gilligan', 0),
(230, 58, 'Mark Johnson', 1),
(231, 58, 'Dean Norris', 0),
(232, 58, 'Bryan Cranston', 0),
(233, 59, 'Anglais', 0),
(234, 59, 'Mexicains', 1),
(235, 59, 'Espagnols', 0),
(236, 59, 'Argentins', 0),
(237, 60, '6', 0),
(238, 60, '9', 0),
(239, 60, '15', 1),
(240, 60, '12', 0),
(241, 61, 'PPCoin', 1),
(242, 61, 'DualCoin', 0),
(243, 61, 'ConnectCoin', 0),
(244, 61, 'RipCoin', 0),
(245, 62, 'Basket', 0),
(246, 62, 'Magnet', 0),
(247, 62, 'Disket', 0),
(248, 62, 'Wallet', 1),
(249, 63, 'Roger Ver', 1),
(250, 63, 'Sunny King', 0),
(251, 63, 'Charlie Lee', 0),
(252, 63, 'Gavin Wood', 0),
(253, 64, 'Un millier', 0),
(254, 64, 'Une centaine', 0),
(255, 64, 'Une dizaine', 1),
(256, 64, 'Une cinquantaine', 0),
(257, 65, 'Frais de dossier', 0),
(258, 65, 'Anonymat', 1),
(259, 65, 'Identification', 0),
(260, 65, 'Traçabilité', 0),
(261, 66, '2013', 0),
(262, 66, '2009', 1),
(263, 66, '2011', 0),
(264, 66, '2015', 0),
(265, 67, 'Minage', 1),
(266, 67, 'Débogage', 0),
(267, 67, 'Routage', 0),
(268, 67, 'Hachage', 0),
(269, 68, 'The Affair', 0),
(270, 68, 'Breaking Bad', 0),
(271, 68, 'Homeland', 0),
(272, 68, 'Mr. Robot', 1),
(273, 69, 'Kraken', 0),
(274, 69, 'CoinHouse', 0),
(275, 69, 'Cryptopia', 0),
(276, 69, 'Bittrex', 1),
(277, 70, '7 607 euros', 0),
(278, 70, '5 944 euros', 0),
(279, 70, '3 519 euros', 0),
(280, 70, '9 306 euros', 1),
(281, 71, 'Charlie Lee', 1),
(282, 71, 'Robert Walsh', 0),
(283, 71, 'Kevin Castner', 0),
(284, 71, 'Terri Hall', 0),
(285, 72, '2016', 0),
(286, 72, '2010', 0),
(287, 72, '2012', 0),
(288, 72, '2014', 1),
(289, 73, 'Infrastructure', 1),
(290, 73, 'Social', 0),
(291, 73, 'Local', 0),
(292, 73, 'Shopping', 0),
(293, 74, 'ZiftrCoin', 0),
(294, 74, 'PotCoin', 1),
(295, 74, 'QuickCoin', 0),
(296, 74, 'PayCoin', 0),
(297, 75, 'Lettre psi', 1),
(298, 75, 'Double carré', 0),
(299, 75, 'Zéro rouge', 0),
(300, 75, 'Aigle doré', 0),
(301, 76, 'Burstcoin', 0),
(302, 76, 'MangoCoinz', 1),
(303, 76, 'Vertcoin', 0),
(304, 76, 'Reddcoin', 0),
(305, 77, 'États-Unis', 0),
(306, 77, 'Allemagne', 0),
(307, 77, 'Russie', 0),
(308, 77, 'Thaïlande', 1),
(309, 78, 'Vertcoin', 0),
(310, 78, 'Burstcoin', 1),
(311, 78, 'MangoCoinz', 0),
(312, 78, 'NameCoin', 0),
(313, 79, 'Gavin Wood', 0),
(314, 79, 'Charlie Lee', 0),
(315, 79, 'Sunny King', 1),
(316, 79, 'Roger Ver', 0),
(317, 80, 'Vertcoin', 0),
(318, 80, 'Burstcoin', 0),
(319, 80, 'SolarCoin', 1),
(320, 80, 'NameCoin', 0),
(321, 81, 'Bibox', 0),
(322, 81, 'Bittrex', 0),
(323, 81, 'CoinBase', 0),
(324, 81, 'Binance', 1),
(325, 82, 'XRP', 1),
(326, 82, 'PRP', 0),
(327, 82, 'RIL', 0),
(328, 82, 'PPE', 0),
(329, 83, 'Sunny King', 0),
(330, 83, 'Charlie Lee', 0),
(331, 83, 'Gavin Wood', 1),
(332, 83, 'Roger Ver', 0),
(333, 84, 'SolarCoin', 0),
(334, 84, 'OmiseGO', 1),
(335, 84, 'PotCoin', 0),
(336, 84, 'Burstcoin', 0),
(337, 85, 'Infrastructure', 1),
(338, 85, 'Social', 0),
(339, 85, 'Shopping', 0),
(340, 85, 'Local', 0),
(341, 86, 'AuroaCoin', 1),
(342, 86, 'Litecoin', 0),
(343, 86, 'NEO', 0),
(344, 86, 'PeerCoin', 0),
(345, 87, 'Reddcoin', 0),
(346, 87, 'NameCoin', 0),
(347, 87, 'PeerCoin', 0),
(348, 87, 'NxT', 1),
(349, 88, 'Binance', 0),
(350, 88, 'Huobi', 0),
(351, 88, 'CoinBase', 0),
(352, 88, 'Mt. Gox', 1),
(353, 89, 'Serge Lasvignes', 0),
(354, 89, 'Jean Lemierre', 0),
(355, 89, 'Jean-Louis Levet', 0),
(356, 89, 'Jean-Pierre Landau', 1),
(357, 90, 'NxT', 0),
(358, 90, 'NEO', 1),
(359, 90, 'PPCoin', 0),
(360, 90, 'XRP', 0),
(361, 91, 'Nouvelle Star', 0),
(362, 91, 'Pékin Express', 0),
(363, 91, 'X Factor', 0),
(364, 91, 'À l\'état sauvage', 1),
(365, 92, 'Marie', 0),
(366, 92, 'Sophie', 0),
(367, 92, 'Cathy', 1),
(368, 92, 'Sandra', 0),
(369, 93, 'Cap Zero', 0),
(370, 93, 'Land Zero', 0),
(371, 93, 'Ground Zero', 0),
(372, 93, 'Latitude Zéro', 1),
(373, 94, 'Arktos', 1),
(374, 94, 'Fabuloso', 0),
(375, 94, 'Free to Run', 0),
(376, 94, 'Taris', 0),
(377, 95, 'Shy\'m', 0),
(378, 95, 'Laure Manaudou', 0),
(379, 95, 'M. Pokora', 1),
(380, 95, 'Michaël Youn', 0),
(381, 96, 'The Island', 1),
(382, 96, 'Dropped', 0),
(383, 96, 'Koh-Lanta', 0),
(384, 96, 'Pékin Express', 0),
(385, 97, '4 ans', 1),
(386, 97, '5 ans', 0),
(387, 97, '2 ans', 0),
(388, 97, '3 ans', 0),
(389, 98, 'Laure Manaudou', 0),
(390, 98, 'Michaël Youn', 1),
(391, 98, 'Shy\'m', 0),
(392, 98, 'M. Pokora', 0),
(393, 99, 'Huit', 1),
(394, 99, 'Dix', 0),
(395, 99, 'Quatre', 0),
(396, 99, 'Six', 0),
(397, 100, 'France', 0),
(398, 100, 'Canada', 0),
(399, 100, 'Inde', 0),
(400, 100, 'Suisse', 1),
(401, 101, 'Bûcheron', 0),
(402, 101, 'Barman', 0),
(403, 101, 'Pianiste', 1),
(404, 101, 'Vendangeur', 0),
(405, 102, 'Francesca', 0),
(406, 102, 'Jessica', 0),
(407, 102, 'Annika', 1),
(408, 102, 'Tatiana', 0),
(409, 103, 'Brésil', 0),
(410, 103, 'Bolivie', 0),
(411, 103, 'Pérou', 1),
(412, 103, 'Colombie', 0),
(413, 104, '60 jours', 0),
(414, 104, '45 jours', 0),
(415, 104, '15 jours', 1),
(416, 104, '30 jours', 0),
(417, 105, 'Pangaea', 1),
(418, 105, 'Namib', 0),
(419, 105, 'Arktos', 0),
(420, 105, 'Makalu', 0),
(421, 106, 'Gobero', 0),
(422, 106, 'Nubie', 0),
(423, 106, 'Namib', 1),
(424, 106, 'Kaouar', 0),
(425, 107, '67 jours', 0),
(426, 107, '57 jours', 1),
(427, 107, '37 jours', 0),
(428, 107, '47 jours', 0),
(429, 108, 'Cameron', 0),
(430, 108, 'Hans', 0),
(431, 108, 'Bylot', 1),
(432, 108, 'Matty', 0),
(433, 109, 'K2', 0),
(434, 109, 'K7', 0),
(435, 109, 'K6', 0),
(436, 109, 'K5', 1),
(437, 110, 'Jean Buhler', 0),
(438, 110, 'Drew Brees', 0),
(439, 110, 'Raphaël Blanc', 0),
(440, 110, 'David Ribeiro', 1),
(441, 111, '2007', 0),
(442, 111, '2005', 0),
(443, 111, '2003', 0),
(444, 111, '2001', 1),
(445, 112, 'K2', 0),
(446, 112, 'Annapurna', 0),
(447, 112, 'Makalu', 1),
(448, 112, 'Manaslu', 0),
(449, 113, 'Tennis', 0),
(450, 113, 'Golf', 0),
(451, 113, 'Football', 0),
(452, 113, 'Rugby', 1),
(453, 114, 'Général', 0),
(454, 114, 'Capitaine', 0),
(455, 114, 'Sergent', 0),
(456, 114, 'Lieutenant', 1),
(457, 115, 'Canada', 0),
(458, 115, 'Suisse', 1),
(459, 115, 'Norvège', 0),
(460, 115, 'Finlande', 0),
(461, 116, 'Mari Cha III', 1),
(462, 116, 'Shamrock', 0),
(463, 116, 'Rainbow', 0),
(464, 116, 'Paul-Ricard', 0),
(465, 117, 'Apex', 0),
(466, 117, 'Shark Project', 1),
(467, 117, 'Charc', 0),
(468, 117, 'Ailerons', 0),
(469, 118, 'Olav Bjaaland', 0),
(470, 118, 'Otto Sverdrup', 0),
(471, 118, 'Gunnar Horn', 0),
(472, 118, 'Borge Ousland', 1),
(473, 119, 'Colca', 1),
(474, 119, 'Apurimac', 0),
(475, 119, 'Cotahuasi', 0),
(476, 119, 'Manseriche', 0),
(477, 120, 'Objectif Pôle Nord', 0),
(478, 120, 'Libre !', 1),
(479, 120, 'Latitude Zéro', 0),
(480, 120, 'Grand Nord', 0),
(481, 121, 'Microsoft', 0),
(482, 121, 'Nintendo', 0),
(483, 121, 'Sony', 1),
(484, 121, 'Sega', 0),
(485, 122, '2002', 0),
(486, 122, '2004', 0),
(487, 122, '2006', 0),
(488, 122, '2000', 1),
(489, 123, 'Quatrième', 0),
(490, 123, 'Sixième', 1),
(491, 123, 'Troisième', 0),
(492, 123, 'Cinquième', 0),
(493, 124, 'Mega Drive', 0),
(494, 124, 'Saturn', 0),
(495, 124, 'PlayStation', 1),
(496, 124, 'Neo-Geo', 0),
(497, 125, 'Blue-ray', 0),
(498, 125, 'Midi Disc', 0),
(499, 125, 'DVD', 1),
(500, 125, 'Optical disc', 0),
(501, 126, 'PS2 Fat', 0),
(502, 126, 'PS2 Slim', 1),
(503, 126, 'PS2 Grid', 0),
(504, 126, 'PS2 Boy', 0),
(505, 127, 'Dragon Quest', 0),
(506, 127, 'God of War', 0),
(507, 127, 'Gran Theft Auto', 1),
(508, 127, 'Final Fantasy', 0),
(509, 128, 'Ascensionnelle', 0),
(510, 128, 'Rétrocompatible', 1),
(511, 128, 'Admissive', 0),
(512, 128, 'Autopilotée', 0),
(513, 129, 'Wavebird', 0),
(514, 129, 'Kinect', 0),
(515, 129, 'DualShock 2', 1),
(516, 129, 'Bongo DK', 0),
(517, 130, 'SingStar', 1),
(518, 130, 'KaraMic', 0),
(519, 130, 'Kinec', 0),
(520, 130, 'DualShock', 0),
(521, 131, 'Xbox', 0),
(522, 131, 'Saturn', 0),
(523, 131, 'GameCube', 0),
(524, 131, 'Dreamcast', 1),
(525, 132, '360 000', 0),
(526, 132, '980 000', 1),
(527, 132, '790 000', 0),
(528, 132, '560 000', 0),
(529, 133, '6 742', 0),
(530, 133, '8 627', 0),
(531, 133, '4 996', 0),
(532, 133, '10 828', 1),
(533, 134, '620 ', 0),
(534, 134, '740 ', 0),
(535, 134, '560 ', 0),
(536, 134, '450 ', 1),
(537, 135, 'Trente', 0),
(538, 135, 'Dix', 1),
(539, 135, 'Vingt', 0),
(540, 135, 'Quarante', 0),
(541, 136, '2015', 0),
(542, 136, '2016', 0),
(543, 136, '2014', 0),
(544, 136, '2013', 1),
(545, 137, 'Deux', 0),
(546, 137, 'Cinq', 0),
(547, 137, 'Trois', 1),
(548, 137, 'Quatre', 0),
(549, 138, 'Spare Disc', 0),
(550, 138, 'Blue Disc', 1),
(551, 138, 'Ed Disc', 0),
(552, 138, 'Go Disc', 0),
(553, 139, 'Windows', 0),
(554, 139, 'Android', 0),
(555, 139, 'Mac OS', 0),
(556, 139, 'Linux', 1),
(557, 140, '1 500 g', 0),
(558, 140, '600 g', 0),
(559, 140, '1 200 g', 0),
(560, 140, '900 g', 1),
(561, 141, 'FIFA 08', 0),
(562, 141, 'FIFA 09', 0),
(563, 141, 'FIFA 07', 0),
(564, 141, 'FIFA 06', 1),
(565, 142, 'Denuvo', 0),
(566, 142, 'CGMS', 0),
(567, 142, 'Viaccess', 0),
(568, 142, 'MagicGate', 1),
(569, 143, '8 Mo', 0),
(570, 143, '4 Mo', 0),
(571, 143, '32 Mo', 1),
(572, 143, '16 Mo', 0),
(573, 144, 'Hiromu Naruse', 0),
(574, 144, 'Ken Kutaragi', 1),
(575, 144, 'Yamao Yozo', 0),
(576, 144, 'Hideo Shima', 0),
(577, 145, 'Silent Scope', 1),
(578, 145, 'Frogger', 0),
(579, 145, 'Parodius', 0),
(580, 145, 'Castlevania', 0),
(581, 146, 'I/O Processor', 0),
(582, 146, 'Emotion Engine', 1),
(583, 146, 'Mach Device', 0),
(584, 146, 'Graphics Synthetizer', 0),
(585, 147, '40 000', 0),
(586, 147, '7 000', 0),
(587, 147, '66 000 000', 1),
(588, 147, '800', 0),
(589, 148, 'PSX', 1),
(590, 148, 'PSG', 0),
(591, 148, 'PSM', 0),
(592, 148, 'PSR', 0),
(593, 149, 'EyeToy', 1),
(594, 149, 'SmallCam', 0),
(595, 149, 'FunPlay', 0),
(596, 149, 'Kinect', 0),
(597, 150, 'Forbidden Siren', 0),
(598, 150, 'BioShock', 0),
(599, 150, 'Dead Rising', 0),
(600, 150, 'Project Zero', 1),
(601, 151, '4', 0),
(602, 151, '10', 0),
(603, 151, '1', 0),
(604, 151, '6', 1),
(605, 152, 'Le blaireau', 0),
(606, 152, 'La girafe', 0),
(607, 152, 'L\'éléphant', 0),
(608, 152, 'Le lapin', 1),
(609, 153, 'Émeraude', 0),
(610, 153, 'Rubis', 1),
(611, 153, 'Rouge Feu', 0),
(612, 153, 'Platine', 0),
(613, 154, 'Feu / Dragon', 0),
(614, 154, 'Vol / Dragon', 0),
(615, 154, 'Feu / Combat', 0),
(616, 154, 'Feu / Vol', 1),
(617, 155, 'Jacky', 0),
(618, 155, 'Pierre', 0),
(619, 155, 'Florent', 0),
(620, 155, 'Sacha', 1),
(621, 156, 'Petit animal', 0),
(622, 156, 'Chasse aux dragons', 0),
(623, 156, 'Mega pouvoirs', 0),
(624, 156, 'Monstres de poche', 1),
(625, 157, '12 ans', 0),
(626, 157, '9 ans', 0),
(627, 157, '10 ans', 1),
(628, 157, '11 ans', 0),
(629, 158, 'Souris', 1),
(630, 158, 'Chiots', 0),
(631, 158, 'Oeufs', 0),
(632, 158, 'Brebis', 0),
(633, 159, 'Un carré', 0),
(634, 159, 'Une étoile', 0),
(635, 159, 'Un cercle', 0),
(636, 159, 'Une spirale', 1),
(637, 160, 'Capsule Monsters', 1),
(638, 160, 'Mega Monsters', 0),
(639, 160, 'Sacha\'s Quest', 0),
(640, 160, 'Red Balls', 0),
(641, 161, 'Bleue', 0),
(642, 161, 'Rouge', 0),
(643, 161, 'Verte', 1),
(644, 161, 'Jaune', 0),
(645, 162, 'Evoli', 0),
(646, 162, 'Eoko', 0),
(647, 162, 'Osselait', 1),
(648, 162, 'Ludicolo', 0),
(649, 163, 'Un poireau', 1),
(650, 163, 'Une carotte', 0),
(651, 163, 'Un artichaut', 0),
(652, 163, 'Du persil', 0),
(653, 164, 'Des criquets', 1),
(654, 164, 'Des escargots', 0),
(655, 164, 'Des coqs', 0),
(656, 164, 'Des souris', 0),
(657, 165, 'Deux fois', 1),
(658, 165, 'Une fois', 0),
(659, 165, 'Trois fois', 0),
(660, 165, 'Quatre fois', 0),
(661, 166, 'Max', 0),
(662, 166, 'Sacha', 0),
(663, 166, 'Giovanni', 1),
(664, 166, 'Hélio', 0),
(665, 167, 'Smogo', 0),
(666, 167, 'Pikachu', 1),
(667, 167, 'Osselait', 0),
(668, 167, 'Canarticho', 0),
(669, 168, 'Du Canada', 0),
(670, 168, 'De l\'Inde', 0),
(671, 168, 'Du Japon', 1),
(672, 168, 'De la Chine', 0),
(673, 169, 'Jaune', 0),
(674, 169, 'Argent', 0),
(675, 169, 'Bleue', 1),
(676, 169, 'Rouge', 0),
(677, 170, 'Dévastation', 1),
(678, 170, 'Désolation', 0),
(679, 170, 'Déforestation', 0),
(680, 170, 'Solarisation', 0),
(681, 171, 'Spectrum', 0),
(682, 171, 'Smogo', 0),
(683, 171, 'Fantominus', 0),
(684, 171, 'Ossatueur', 1),
(685, 172, 'Sitrus', 0),
(686, 172, 'Oran', 0),
(687, 172, 'Kika', 1),
(688, 172, 'Wiki', 0),
(689, 173, 'Yang Luchan', 0),
(690, 173, 'Jackie Chan', 0),
(691, 173, 'Bruce Lee', 1),
(692, 173, 'Hong Xiguan', 0),
(693, 174, 'Le koala', 0),
(694, 174, 'Le tapir', 1),
(695, 174, 'Le serpent', 0),
(696, 174, 'L\'éléphant', 0),
(697, 175, 'Pikachu', 0),
(698, 175, 'Lugia', 0),
(699, 175, 'Melofée', 0),
(700, 175, 'Rhinoféros', 1),
(701, 176, 'Giratina', 0),
(702, 176, 'Palkia', 0),
(703, 176, 'Arceus', 1),
(704, 176, 'Dialga', 0),
(705, 177, 'Arceus', 0),
(706, 177, 'Alakazam', 0),
(707, 177, 'Ectoplasma', 0),
(708, 177, 'Mew', 1),
(709, 178, 'Salamèche', 0),
(710, 178, 'Bulbizarre', 1),
(711, 178, 'Chenipan', 0),
(712, 178, 'Carapuce', 0),
(713, 179, 'Pikachu', 0),
(714, 179, 'Bulbizarre', 0),
(715, 179, 'Melofée', 1),
(716, 179, 'Mew', 0),
(717, 180, '12 et 21', 0),
(718, 180, '25 et 52', 1),
(719, 180, '47 et 74', 0),
(720, 180, '32 et 223', 0),
(721, 181, 'CPO', 0),
(722, 181, 'WSSA', 0),
(723, 181, 'RLIF', 0),
(724, 181, 'FIFA', 1),
(725, 182, 'France', 1),
(726, 182, 'Belgique', 0),
(727, 182, 'Angleterre', 0),
(728, 182, 'Croatie', 0),
(729, 183, 'Eden Hazard', 0),
(730, 183, 'Cristiano Ronaldo', 0),
(731, 183, 'Harry Kane', 1),
(732, 183, 'Neymar', 0),
(733, 184, 'Capteurs 3D', 0),
(734, 184, 'Tracé au laser', 0),
(735, 184, 'Assistance vidéo', 1),
(736, 184, 'Arbitrage à trois', 0),
(737, 185, 'Thibaut Courtois', 1),
(738, 185, 'Fernando Muslera', 0),
(739, 185, 'Manuel Neuer', 0),
(740, 185, 'Guillermo Ochoa', 0),
(741, 186, 'Kappa', 0),
(742, 186, 'Nike', 0),
(743, 186, 'Reebok', 0),
(744, 186, 'Addidas', 1),
(745, 187, 'David Silva', 0),
(746, 187, 'Denis Cheryshev', 0),
(747, 187, 'Kylian Mbappé', 1),
(748, 187, 'Ramadan Sobhi', 0),
(749, 188, 'Espagne', 0),
(750, 188, 'Italie', 1),
(751, 188, 'Panama', 0),
(752, 188, 'Portugal', 0),
(753, 189, 'Luka Modric', 1),
(754, 189, 'Eden Hazard', 0),
(755, 189, 'Ali Gabr', 0),
(756, 189, 'Raphaël Varane', 0),
(757, 190, '4-3', 0),
(758, 190, '3-2', 0),
(759, 190, '1-0', 1),
(760, 190, '2-1', 0),
(761, 191, 'Arena Baltika', 0),
(762, 191, 'Cosmos Arena', 0),
(763, 191, 'Stade Loujniki', 1),
(764, 191, 'Rostov Arena', 0),
(765, 192, 'Brésil', 0),
(766, 192, 'Panama', 1),
(767, 192, 'Nigeria', 0),
(768, 192, 'Colombie', 0),
(769, 193, 'Ballon d\'argent', 0),
(770, 193, 'Ballon d\'or', 0),
(771, 193, 'Ballon de bronze', 0),
(772, 193, 'Soulier d\'or', 1),
(773, 194, 'Arabie Saoudite', 1),
(774, 194, 'Égypte', 0),
(775, 194, 'Uruguay', 0),
(776, 194, 'Suisse', 0),
(777, 195, 'Espagne', 0),
(778, 195, 'Italie', 0),
(779, 195, 'Belgique', 0),
(780, 195, 'Brésil', 1),
(781, 196, 'Striker', 0),
(782, 196, 'Zabivaka', 1),
(783, 196, 'Fuleco', 0),
(784, 196, 'Zakumi', 0),
(785, 197, 'Justin Timberlake', 0),
(786, 197, 'Robin Thicke', 0),
(787, 197, 'Jason Derulo', 1),
(788, 197, 'Chris Brown', 0),
(789, 198, '28', 0),
(790, 198, '32', 1),
(791, 198, '24', 0),
(792, 198, '24', 0),
(793, 199, 'Singe', 0),
(794, 199, 'Manchot', 0),
(795, 199, 'Dragon', 0),
(796, 199, 'Loup', 1),
(797, 200, 'Trois', 0),
(798, 200, 'Quatre', 1),
(799, 200, 'Cinq', 0),
(800, 200, 'Deux', 0),
(801, 201, 'Uruguay - Égypte', 0),
(802, 201, 'Portugal - Espagne', 1),
(803, 201, 'France - Danemark', 0),
(804, 201, 'Brésil - Argentine', 0),
(805, 202, 'BFM Sport', 0),
(806, 202, 'Mediaset', 0),
(807, 202, 'BeIn Sports', 1),
(808, 202, 'Sport TV', 0),
(809, 203, 'Odessa', 0),
(810, 203, 'Mourmansk', 0),
(811, 203, 'Smolensk', 0),
(812, 203, 'Saint-Pétersbourg', 1),
(813, 204, 'Ivo Schricker', 0),
(814, 204, 'Jérôme Valcke', 0),
(815, 204, 'Sepp Blatter', 1),
(816, 204, 'Helmut Käser', 0),
(817, 205, 'Spirit Design', 0),
(818, 205, 'Designworks', 0),
(819, 205, 'Invenio', 0),
(820, 205, 'Brandia Central', 1),
(821, 206, 'Go Russia !', 0),
(822, 206, 'Russia 2018', 0),
(823, 206, 'Fair Play', 0),
(824, 206, 'Colors', 1),
(825, 207, '59 500 places', 0),
(826, 207, '89 500 places', 0),
(827, 207, '69 500 places', 1),
(828, 207, '79 500 places', 0),
(829, 208, '32', 0),
(830, 208, '28', 0),
(831, 208, '36', 1),
(832, 208, '24', 0),
(833, 209, 'Anna Begounova', 0),
(834, 209, 'Tatiana Droubitch', 0),
(835, 209, 'Victoria Lopyreva', 1),
(836, 209, 'Alla Nazimova', 0),
(837, 210, 'Boris Johnson', 1),
(838, 210, 'Peter Carington', 0),
(839, 210, 'David Owen', 0),
(840, 210, 'Ken Livingstone', 0),
(841, 211, 'France', 0),
(842, 211, 'Portugal', 0),
(843, 211, 'Espagne', 1),
(844, 211, 'Italie', 0),
(845, 212, 'Megavideo', 0),
(846, 212, 'Vimeo', 0),
(847, 212, 'Netflix', 1),
(848, 212, 'PeerTube', 0),
(849, 213, 'Douze', 0),
(850, 213, 'Huit', 1),
(851, 213, 'Dix', 0),
(852, 213, 'Six', 0),
(853, 214, 'Joan Miro', 0),
(854, 214, 'René Magritte', 0),
(855, 214, 'Max Ernst', 0),
(856, 214, 'Salvador Dali', 1),
(857, 215, 'Noms de pays', 0),
(858, 215, 'Noms de fleurs', 0),
(859, 215, 'Noms de peintres', 0),
(860, 215, 'Noms de villes', 1),
(861, 216, 'Nairobi', 0),
(862, 216, 'Tokyo', 1),
(863, 216, 'Denver', 0),
(864, 216, 'Rio', 0),
(865, 217, 'Attentionné', 0),
(866, 217, 'Ponctuel', 0),
(867, 217, 'Psychopathe', 1),
(868, 217, 'Serviable', 0),
(869, 218, 'Moscou', 0),
(870, 218, 'Tokyo', 0),
(871, 218, 'Le Professeur', 1),
(872, 218, 'Berlin', 0),
(873, 219, 'Son ordinateur', 0),
(874, 219, 'Son stylo', 0),
(875, 219, 'Son téléphone', 0),
(876, 219, 'Ses lunettes', 1),
(877, 220, 'Berlin', 0),
(878, 220, 'Rio', 0),
(879, 220, 'Denver', 0),
(880, 220, 'Oslo', 1),
(881, 221, '200 millions', 0),
(882, 221, '400 millions', 0),
(883, 221, '800 millions', 0),
(884, 221, '2,4 milliards', 1),
(885, 222, 'Helsinki', 0),
(886, 222, 'Rio', 1),
(887, 222, 'Moscou', 0),
(888, 222, 'Nairobi', 0),
(889, 223, 'Boing', 0),
(890, 223, 'Antena 3', 1),
(891, 223, 'Cuatro', 0),
(892, 223, 'Canal Club', 0),
(893, 224, '42', 0),
(894, 224, '39', 0),
(895, 224, '55', 0),
(896, 224, '67', 1),
(897, 225, 'Francisco', 0),
(898, 225, 'Angel', 1),
(899, 225, 'Pablo', 0),
(900, 225, 'Alberto', 0),
(901, 226, 'Renault Clio', 0),
(902, 226, 'Audi 100', 0),
(903, 226, 'Seat Ibiza', 1),
(904, 226, 'Ford Escort', 0),
(905, 227, 'Nairobi', 0),
(906, 227, 'Dallas', 1),
(907, 227, 'Oslo', 0),
(908, 227, 'Helsinki', 0),
(909, 228, 'Oslo', 0),
(910, 228, 'Berlin', 0),
(911, 228, 'Moscou', 1),
(912, 228, 'Washington', 0),
(913, 229, 'Oslo', 0),
(914, 229, 'Tokyo', 0),
(915, 229, 'Nairobi', 1),
(916, 229, 'Moscou', 0),
(917, 230, 'Mercedes', 0),
(918, 230, 'Ariadna', 0),
(919, 230, 'Monica', 1),
(920, 230, 'Silene', 0),
(921, 231, 'Pâques', 0),
(922, 231, 'Halloween', 0),
(923, 231, 'Fête nationale', 0),
(924, 231, 'Noël', 1),
(925, 232, 'Vingt jours', 0),
(926, 232, 'Dix mois', 0),
(927, 232, 'Deux ans', 0),
(928, 232, 'Cinq mois', 1),
(929, 233, 'Luis Tosar', 0),
(930, 233, 'Enrique Gato', 0),
(931, 233, 'Juan Bas', 0),
(932, 233, 'Alex Pina', 1),
(933, 234, 'Silene', 1),
(934, 234, 'Monica', 0),
(935, 234, 'Agata', 0),
(936, 234, 'Raquel', 0),
(937, 235, 'Alfredo Mayo', 0),
(938, 235, 'José Mota', 0),
(939, 235, 'Alvaro Morte', 1),
(940, 235, 'Mario Morales', 0),
(941, 236, 'Le Cri', 1),
(942, 236, 'La Tempête', 0),
(943, 236, 'La Madone', 0),
(944, 236, 'Le Baiser', 0),
(945, 237, 'Kaaris', 0),
(946, 237, 'Black M', 0),
(947, 237, 'Maître Gims', 0),
(948, 237, 'Gradur', 1),
(949, 238, 'La Montanara', 0),
(950, 238, 'Adesso tu', 0),
(951, 238, 'Bella ciao', 1),
(952, 238, 'Ruota Libera', 0),
(953, 239, '17 millions', 1),
(954, 239, '14 millions', 0),
(955, 239, '8 millions', 0),
(956, 239, '11 millions', 0),
(957, 240, 'Stockholm', 1),
(958, 240, 'Madrid', 0),
(959, 240, 'Vienne', 0),
(960, 240, 'Paris', 0),
(961, 241, '8.1', 1),
(962, 242, '2007', 1),
(963, 243, 'Jeff Bezos', 1),
(964, 244, 'Vrai', 0),
(965, 244, 'Faux', 1),
(966, 245, 'Vrai', 1),
(967, 245, 'Faux', 0),
(968, 246, 'Vrai', 1),
(969, 246, 'Faux', 0);

-- --------------------------------------------------------

--
-- Structure de la table `questions`
--

DROP TABLE IF EXISTS `questions`;
CREATE TABLE IF NOT EXISTS `questions` (
  `id` int NOT NULL AUTO_INCREMENT,
  `label` varchar(255) NOT NULL,
  `level` int NOT NULL,
  PRIMARY KEY (`id`)
) ENGINE=InnoDB AUTO_INCREMENT=247 DEFAULT CHARSET=utf8mb3;

--
-- Déchargement des données de la table `questions`
--

INSERT INTO `questions` (`id`, `label`, `level`) VALUES
(1, 'Quelle société a développé le jeu vidéo « World of Warcraft » ?', 1),
(2, 'Pour quel anniversaire de la franchise « World of Warcraft » est-il sorti ?', 1),
(3, 'Dans quelle catégorie de jeux vidéo peut-on classer « World of Warcraft » ?', 1),
(4, 'En quelle année « World of Warcraft » est-il sorti en Amérique du Nord ?', 1),
(5, 'Dans quel monde imaginaire le jeu « World of Warcraft » prend-il place ?', 1),
(6, 'Quelles sont les deux factions de personnages du jeu « World of Warcraft » ?', 1),
(7, 'Sur base de quoi est constitué le principe général de « World of Warcraft » ?', 1),
(8, 'Quel terme désigne les serveurs sur lesquels on joue à « World of Warcraft » ?', 1),
(9, 'Quelle est la couleur des personnages non-joueurs amicaux dans « World of Warcraft » ?', 1),
(10, 'Dans quels endroits du jeu les joueurs de WoW peuvent-ils s\'affronter entre eux ?', 1),
(11, 'Quel est le nom de la sixième extension de « World of Warcraft », sortie en 2016 ?', 4),
(12, 'Quel personnage ne pourrez-vous pas incarner côté Horde dans WoW ?', 4),
(13, 'Combien coûte dans WoW la migration d\'un personnage d\'un royaume à un autre ?', 4),
(14, 'Quelle race est considérée comme « neutre » dans « World of Warcraft » ?', 4),
(15, 'À la base, combien de classes sont disponibles dans « World of Warcraft » ?', 4),
(16, 'Comment est également appelée l\'édition découverte de « World of Warcraft » ?', 4),
(17, 'Dans « World of Warcraft », quel objet permet de se propulser directement à un niveau ?', 4),
(18, 'Jusqu\'à combien de pièces d\'équipement un personnage peut-il porter dans WoW ?', 4),
(19, 'Quelle extension de « World of Warcraft » retrace le retour de la Légion Ardente ?', 4),
(20, 'Quelle somme est-il impossible de dépasser dans la version gratuite de WoW ?', 4),
(21, 'Que représente la race des Worgens depuis l\'extension « Cataclysm » de « World of Warcraft » ?', 5),
(22, 'Quel jeune paladin est prince du royaume de Lordaeron dans « World of Warcraft » ?', 5),
(23, 'Dans quelle série télé le docteur Weir parle-t-il de « World of Warcraft » ?', 5),
(24, 'Quelle classe de WoW se spécialise sans les soins, les dégâts ou le tanking ?', 5),
(25, 'Quel métier offre la possibilité de trouver des reliques dans « World of Warcraft » ?', 5),
(26, 'Dans « World of Warcraft », quelle planète peut être atteinte via la Porte des Ténèbres ?', 6),
(27, 'Quels joueurs de « World of Warcraft » collectent tout ce qui est monnayable dans le jeu ?', 6),
(28, 'Quelle île d\'Azeroth constitue la terre natale de la civilisation Trolle ?', 6),
(29, 'En quelle année fut fondé l\'empire humain d\'Arathor de « World of Warcraft » ?', 6),
(30, 'Dans « World of Warcraft », quel chaman est notamment le mentor de Gul\'dan ?', 6),
(31, 'Quel est le nom du personnage principal de la série télévisée « Breaking Bad » ?', 1),
(32, 'Durant quelle saison de « Breaking Bad » Walter White devient-il chauve ?', 1),
(33, 'Quelle drogue est fabriquée et vendue par Walter White dans la série « Breaking Bad » ?', 1),
(34, 'Dans quel type de véhicule cuisinent Walter et Jesse dans la série télé « Breaking Bad » ?', 1),
(35, 'De quelle maladie grave est atteint Walter White dans la série télé « Breaking Bad » ?', 1),
(36, 'Comment se prénomme la femme de Walter White dans la série télévisée « Breaking Bad » ?', 1),
(37, 'Quel est le métier du beau-frère de Walter dans la série « Breaking Bad » ?', 1),
(38, 'Avec quel élève Walter White est-il devenu trafiquant de drogue dans « Breaking Bad » ?', 1),
(39, 'En plus de Walter White, qui apparaît dans tous les épisodes de « Breaking Bad » ?', 1),
(40, 'Combien de saisons comporte la série télévisée à succès « Breaking Bad », totalisant 62 épisodes ?', 1),
(41, 'Dans quelle ville se déroule l\'action de la première saison de la série « Breaking Bad » ?', 4),
(42, 'Quel alter-ego Walter White a-t-il créé pour ses activités criminelles dans « Breaking Bad » ?', 4),
(43, 'Quel est le métier exercé par Hank Schrader dans « Breaking Bad » ?', 4),
(44, 'Quel est le prénom du beau-frère de Walter dans la série « Breaking Bad » ?', 4),
(45, 'Quel patron de la drogue emploie Walter White dans la série télévisée « Breaking Bad » ?', 4),
(46, 'Avec quel objet communique le vieux Salamanca dans la série télé « Breaking Bad » ?', 4),
(47, 'Quel personnage de « Breaking Bad » est la dernière personne à mourir dans la série ?', 4),
(48, 'Quel scénariste, producteur et réalisateur est le créateur de la série à succès « Breaking Bad » ?', 4),
(49, 'Quelle est la particularité physique du fils de Walter dans la série « Breaking Bad » ?', 4),
(50, 'Combien d\'épisodes compte la série télévisée « Breaking Bad », totalisant cinq saisons ?', 4),
(51, 'Aux États-Unis, sur quelle chaîne était diffusée la série télévisée « Breaking Bad » ?', 5),
(52, 'Quel est le surnom donné à Jesse Pinkman dans la série télévisée « Breaking Bad » ?', 5),
(53, 'Quelle est l\'année de diffusion de la première saison de « Breaking Bad » aux États-Unis ?', 5),
(54, 'De quoi est remplie la baignoire dans le deuxième épisode de la série « Breaking Bad » ?', 5),
(55, 'Quelle copine de Jesse est morte d\'une overdose dans la série « Breaking Bad » ?', 5),
(56, 'Dans « Breaking Bad », avec quoi Skyler forme-t-elle l\'âge de Walter à chaque anniversaire ?', 6),
(57, 'Qu\'a coûté environ, en dollars, la production de chaque épisode de « Breaking Bad » ?', 6),
(58, 'Qui a produit la série télévisée à grand succès « Breaking Bad » ?', 6),
(59, 'De quelle nationalité sont les jumeaux concurrents de Walt dans « Breaking Bad » ?', 6),
(60, 'Combien d\'Emmy Awards la série « Breaking Bad » a-t-elle remporté ?', 6),
(61, 'Sous quel autre nom est aussi connue des spécialistes la crypto-monnaie Peercoin ?', 1),
(62, 'Dans quel portefeuille peuvent être stockés les Ethers ?', 1),
(63, 'Quel investisseur de crypto-monnaies est aussi le créateur du site bitcoin.com ?', 1),
(64, 'Combien compte-t-on à ce jour de crypto-monnaies de la catégorie infrastructure ?', 1),
(65, 'Qu\'apporte la crypto-monnaie par rapport à d\'autres solutions comme PayPal ?', 1),
(66, 'En quelle année Bitcoin, la première crypto-monnaie, a-t-elle vu le jour ?', 1),
(67, 'Quelle opération sert à valider les transactions et sécuriser le réseau Bitcoin ?', 1),
(68, 'Dans quelle série télévisée créée par Sam Esmail parle-t-on du Bitcoin ?', 1),
(69, 'Sur quelle plate-forme pouvez-vous acheter jusqu\'à 200 crypto-monnaies différentes ?', 1),
(70, 'Quel était le cours du bitcoin en janvier 2018, sachant qu\'il valait 1 euro en 2001 ?', 1),
(71, 'Quel ancien employé de Google a développé la monnaie électronique Litecoin ?', 4),
(72, 'En quelle année fut fondé le protocole de paiement open-source Stellar ?', 4),
(73, 'Quel type de crypto-monnaie va bien au-delà du simple moyen de paiement ?', 4),
(74, 'Quelle crypto-monnaie ultra-sécurisée cible exclusivement le marché du cannabis légal ?', 4),
(75, 'Quel est le symbole utilisé par la crypto-monnaie Primecoin ?', 4),
(76, 'Quel nom porte la première crypto-monnaie conçue pour les systèmes Android ?', 4),
(77, 'Quel pays fut le premier à interdire l\'utilisation du bitcoin sur son territoire ?', 4),
(78, 'Quelle crypto-monnaie exploite l\'espace disque non utilisé d\'un ordinateur ?', 4),
(79, 'Quel développeur est depuis ses débuts au coeur de la crypto-monnaie Peercoin ?', 4),
(80, 'Quelle crypto-monnaie tente d\'inciter à la production d\'électricité photovoltaïque ?', 4),
(81, 'Laquelle de ces plate-formes d\'échange de crypto-monnaies a été créée en 2017 ?', 5),
(82, 'Quelle monnaie native est utilisée par le protocole de paiement Ripple ?', 5),
(83, 'Quel docteur en informatique a publié le whitepaper de Polkadot ?', 5),
(84, 'Quelle crypto-monnaie a pour slogan « Unbank the banked » ?', 5),
(85, 'Quel type de crypto-monnaie à usage professionnel est surnommé Bitcoin 2.0 ?', 5),
(86, 'Quelle crypto-monnaie locale est destinée aux habitants de l\'Islande ?', 6),
(87, 'Laquelle de ces crypto-monnaies est utilisable pour des investissements à long terme ?', 6),
(88, 'Quelle plate-forme d\'échange de bitcoins fut rachetée par Mark Karpelès ?', 6),
(89, 'En France, à qui le ministre de l\'Économie a-t-il confié une mission sur le bitcoin ?', 6),
(90, 'Quelle crypto-monnaie chinoise est similaire à Ethereum ?', 6),
(91, 'Dans quelle émission Mike Horn a-t-il accompagné une célébrité en pleine nature ?', 1),
(92, 'Comment se prénommait la femme de Mike Horn, rencontrée en 1990 ?', 1),
(93, 'Quel nom Mike Horn a-t-il donné à son tour du monde par l\'équateur ?', 1),
(94, 'Dans quelle expédition Mike Horn a-t-il fait le tour du monde par le cercle polaire ?', 1),
(95, 'Avec quelle célébrité Mike Horn a-t-il parcouru la jungle du Sri Lanka ?', 1),
(96, 'Quelle docu-aventure est présentée par Mike Horn sur M6 depuis 2015 ?', 1),
(97, 'Combien d\'années a duré l\'expédition Pangaea menée par Mike Horn ?', 1),
(98, 'Avec quelle célébrité Mike Horn a-t-il traversé le désert de Namibie ?', 1),
(99, 'Combien de numéro d\'« À l\'état sauvage » Mike Horn a-t-il tourné avant de décider d\'arrêter ?', 1),
(100, 'Quand il n\'est pas en expédition, dans quel pays réside l\'explorateur Mike Horn ?', 1),
(101, 'Laquelle de ces activités Mike Horn n\'a-t-il pas exercé ?', 4),
(102, 'Comment se prénomme la première fille de l\'explorateur Mike Horn ?', 4),
(103, 'Dans quel pays Mike Horn a-t-il commencé ses aventures en 1991 ?', 4),
(104, 'En combien de jours Mike Horn a-t-il traversé le Groenland ?', 4),
(105, 'Quel bateau à voile de 35 m en aluminium Mike Horn a-t-il fait construire ?', 4),
(106, 'Quel désert Mike Horn a-t-il décidé d\'explorer en 2016 ?', 4),
(107, 'En combien de jours Mike Horn a-t-il traversé l\'Antarctique en solitaire ?', 4),
(108, 'Quelle île du Grand Nord canadien Mike Horn a-t-il traversé avec sa famille ?', 4),
(109, 'Comment est aussi appelé le Gasherbrum 1 gravi par Mike Horn en 2007 ?', 4),
(110, 'Qui a réalisé « Four Eight Thousands » sur l\'expédition himalayenne de Mike Horn ?', 4),
(111, 'Quand Mike Horn a-t-il reçu le Laureus Award du meilleur sportif alternatif de l\'année ?', 5),
(112, 'Quel sommet de l\'Himalaya Mike Horn a-t-il atteint en 2014 ?', 5),
(113, 'Dans quel sport le père de Mike Horn a-t-il fait carrière ?', 5),
(114, 'Quel était le grade de Mike Horn dans les forces spéciales sud-africaines ?', 5),
(115, 'Dans quel pays Mike Horn a-t-il créé le No Limits Outdoor Activity Center ?', 5),
(116, 'Sur quel monocoque Mike Horn a-t-il battu un record du monde de traversée ?', 6),
(117, 'Dans quel projet Mike Horn a-t-il combattu les stéréotypes associés aux requins ?', 6),
(118, 'Avec quel explorateur norvégien Mike Horn est-il parti au pôle Nord en 2006 ?', 6),
(119, 'Quel profond canyon du Pérou Mike Horn a-t-il descendu en hydrospeed ?', 6),
(120, 'Dans quel livre Mike Horn a-t-il dit : « Chacun crée les conditions de sa propre liberté » ?', 6),
(121, 'Quelle société a commercialisé la console de jeux PlayStation 2 ?', 1),
(122, 'En quelle année la console de jeux PlayStation 2 fut-elle commercialisée en France ?', 1),
(123, 'Dans quelle génération de l\'histoire des consoles de la marque Sony se situe la PS2 ?', 1),
(124, 'À quelle autre console de Sony la PlayStation 2 a-t-elle succédé ?', 1),
(125, 'À sa sortie, quel média la PlayStation 2 pouvait-elle lire de manière innovante ?', 1),
(126, 'Quelle variante esthétique de la PlayStation 2 est sortie en 2004 ?', 1),
(127, 'Quelle saga fut la plus vendue parmi les jeux vidéos disponibles sur la PS2 ?', 1),
(128, 'Comment était qualifiée la PS2, acceptant les jeux PlayStation ?', 1),
(129, 'Quelle manette de jeu officielle reprenait l\'apparence de la DualShock ?', 1),
(130, 'Quels micros pouvait-on connecter à la PS2 pour la transformer en dispositif de karaoké ?', 1),
(131, 'Avec quelle console de Sega la PlayStation 2 était-elle en concurrence directe ?', 4),
(132, 'Combien de PS2 furent vendues deux jours seulement après sa sortie au Japon ?', 4),
(133, 'Combien existe-t-il de titres de jeux vidéos disponibles dans le catalogue de la PS2 ?', 4),
(134, 'Quel était le prix de lancement de la PlayStation 2 en France ?', 4),
(135, 'Combien de jeux étaient disponibles à la sortie de la PS2 au Japon ?', 4),
(136, 'En quelle année la production de PS2 fut-elle arrêtée dans le monde ?', 4),
(137, 'Combien de processeurs principaux comprenait la PlayStation 2 ?', 4),
(138, 'Comment furent appelées les versions dites éditeur des jeux PS2 ?', 4),
(139, 'Quel système d\'exploitation pouvait être installé sur la PS2 ?', 4),
(140, 'Quel était le poids allégé du modèle Slim de la PlayStation 2 ?', 4),
(141, 'Quel fut le premier titre de « FIFA » à ne pas sortir sur PlayStation ?', 5),
(142, 'Quelle technologie intégrait la Memory Card de 8 MB destinée à la PS2 ?', 5),
(143, 'Quelle était la capacité de la mémoire interne de la PlayStation 2 ?', 5),
(144, 'Quel ingénieur japonais a mené à bien le développement de la PlayStation 2 ?', 5),
(145, 'Quel jeu de tir édité par Konami est sorti en 2000 sur PS2 ?', 5),
(146, 'Quel nom portait le processeur central de la PlayStation 2 de Sony ?', 6),
(147, 'Combien de polygones nus la PS2 pouvait-elle calculer par seconde ?', 6),
(148, 'Quelle station multimédia fut lancée par Sony au Japon en 2003 ?', 6),
(149, 'Quelle petite caméra adaptable pour la PS2 fut développée par Sony ?', 6),
(150, 'Dans quelle saga utilise-t-on un appareil photo aux pouvoirs mystiques ?', 6),
(151, 'Combien de Pokémon un dresseur peut-il transporter ?', 1),
(152, 'Sur quel animal se base la forme de Laporeille, Pokémon de la quatrième génération ?', 1),
(153, 'Quel est le jeu « Pokémon » le plus vendu de tous les temps sur la console Game Boy Advance ?', 1),
(154, 'Quels sont les types de Dracaufeu, que l\'on retrouve sur des jaquettes des jeux « Pokémon » ?', 1),
(155, 'Comment se prénomme le jeune garçon, héros du dessin animé « Pokémon » ?', 1),
(156, 'Comment traduire Pokémon, générateur de nombreux produits dérivés ?', 1),
(157, 'Quel est l\'âge du jeune Sacha Ketchum au début de la série « Pokémon » ?', 1),
(158, 'De quelle famille de Pokémon Pikachu, Rattatac et Sabelette font-ils partie ?', 1),
(159, 'Dans « Pokémon », que peut-on voir sur le ventre de Ptitard et de ses évolutions ?', 1),
(160, 'Quel nom avait été initialement choisi au moment du lancement du jeu « Pokémon » ?', 1),
(161, 'Quelle est la couleur du Pokémon baptisé Insécateur, de double type Insecte et Vol ?', 4),
(162, 'Lequel de ces Pokémon porte en guise de casque le crâne de sa mère morte ?', 4),
(163, 'Qu\'est-ce que Canarticho tient constamment dans sa main ou dans son aile ?', 4),
(164, 'Qu\'est-ce qui a inspiré Satoshi Tajiri pour créer les Pokémon et le concept qui va autour ?', 4),
(165, 'Dans le premier épisode de « Pokemon », combien de fois Sacha est-il électrocuté par Pikachu ?', 4),
(166, 'Comment se prénomme le chef de la Team Rocket, organisation criminelle dans « Pokémon » ?', 4),
(167, 'Lequel de ces Pokémon est l\'un des seuls à avoir le même nom dans toutes les langues ?', 4),
(168, 'De quel pays la géographie des lieux visités dans « Pokémon » est-elle inspirée ?', 4),
(169, 'En dehors du Japon, par quelle couleur la cartouche Pokemon verte fut-elle remplacée ?', 4),
(170, 'Complétez cette phrase de la Team Rocket: « Afin de préserver le monde de la...', 4),
(171, 'Le spectre de quel pokémon hante le 5e étage de la Tour Pokémon, immeuble de Lavanville ?', 5),
(172, 'Dans l\'univers de « Pokémon », laquelle de ces baies guérit la confusion ?', 5),
(173, 'Dans les versions américaines et japonaises de « Pokémon », à qui fait référence Hitmonlee ?', 5),
(174, 'De quel animal Soporifik, qui peut empêcher un Pokémon de s\'endormir, est-il inspiré ?', 5),
(175, 'Quel est le premier Pokémon à avoir été imaginé par les créateurs de la franchise ?', 5),
(176, 'Selon la légende, quel Pokémon aurait créé l\'univers Pokémon avec ses mille bras ?', 6),
(177, 'Quel Pokémon les joueurs pouvaient-ils télécharger au « Tokyo Game Show » en 1997 ?', 6),
(178, 'Quel pokémon a été le premier enregistré dans le Pokédex National ?', 6),
(179, 'À l\'origine, quel Pokémon Sacha devait-il recevoir au moment de partir à l\'aventure ?', 6),
(180, 'Quels sont les numéros respectifs de Pikachu et Miaouss dans le Pokédex National ?', 6),
(181, 'Quelle fédération a organisé la Coupe du monde de football masculin en 2018 ?', 1),
(182, 'Quel pays a remporté la Coupe du monde de football 2018 ?', 1),
(183, 'Qui fut déclaré meilleur buteur de la Coupe du monde de football 2018 ?', 1),
(184, 'Quelle innovation est entrée en fonction durant l\'édition 2018 de la Coupe du monde de foot ?', 1),
(185, 'Qui fut déclaré meilleur gardien de la Coupe du monde de football 2018 ?', 1),
(186, 'Quelle marque a pu apposer son logo sur le ballon officiel du Mondial 2018 ?', 1),
(187, 'Qui fut déclaré meilleur jeune joueur de la Coupe du monde de football 2018 ?', 1),
(188, 'Quelle nation déjà championne du monde de foot ne s\'est pas qualifié en 2018 ?', 1),
(189, 'Qui fut déclaré meilleur joueur de la Coupe du monde de football 2018 ?', 1),
(190, 'En 2018, quel fut le score de la demi-finale de football opposant la France à la Belgique ?', 1),
(191, 'Dans quel stade s\'est joué la finale de la Coupe du monde 2018 ?', 4),
(192, 'Lequel de ces pays a fêté en 2018 sa première participation à la Coupe du monde de football ?', 4),
(193, 'Quelle récompense fut attribuée au meilleur buteur de la compétition mondiale en 2018 ?', 4),
(194, 'Contre qui la Russie a-t-elle joué le match d\'ouverture du Mondial 2018 ?', 4),
(195, 'Laquelle de ces équipes n\'a jamais manqué une édition de la Coupe du monde de football ?', 4),
(196, 'Quel était le nom de la mascotte officielle de la Coupe du monde de football 2018 ?', 4),
(197, 'Lors du Mondial 2018, qui a été choisi pour interpréter l\'hymne officiel de la compétition ?', 4),
(198, 'Combien d\'équipes nationales furent qualifiées pour le Mondial 2018 ?', 4),
(199, 'Que représente Zabivaka, la mascotte de la Coupe du monde de football 2018 ?', 4),
(200, 'Dans combien de chapeaux furent réparties les équipes lors du tirage au sort du Mondial 2018 ?', 4),
(201, 'Qui furent les deux favoris du groupe B, groupe relevé au niveau de la qualité de jeu ?', 5),
(202, 'Quel opérateur français payant a retransmis l\'intégralité du Mondial 2018 ?', 5),
(203, 'Dans quelle ville a eu lieu, en 2015, le tirage au sort des qualifications du Mondial 2018 ?', 5),
(204, 'Qui a institué le principe de rotation continentale à la FIFA ?', 5),
(205, 'Quelle agence de conseil en stratégie a conçu le logo officiel du Mondial 2018 ?', 5),
(206, 'Quel hymne officiel fut dévoilé le 8 mars 2018 pour la Coupe du monde de football ?', 6),
(207, 'Quelle est la capacité du nouveau stade Krestovski de Saint-Pétersbourg ?', 6),
(208, 'Combien d\'arbitres principaux ont été choisis pour diriger le Mondial 2018 ?', 6),
(209, 'Quelle mannequin fut l\'ambassadrice de la Coupe du monde de foot en Russie en 2018 ?', 6),
(210, 'Qui a comparé le Mondial 2018 aux Jeux Olympiques de Berlin de 1936 ?', 6),
(211, 'Dans quel pays a été tourné la série « La Casa de Papel » ?', 1),
(212, 'Sur quelle plate-forme de streaming a-t-on pu voir « La Casa de Papel » ?', 1),
(213, 'Combien de malfaiteurs le professeur a-t-il recruté dans « La Casa de Papel » ?', 1),
(214, 'De quel peintre sont inspirés les masques portés dans « La Casa de Papel » ?', 1),
(215, 'Quels noms les braqueurs de « La Casa de Papel » utilisent-ils ?', 1),
(216, 'Quel personnage est aussi la narratrice de ce cambriolage hors norme ?', 1),
(217, 'Quel qualificatif identifie le mieux Berlin dans la série « La Casa de Papel » ?', 1),
(218, 'Quel membre du braquage est le seul à évoluer à l\'extérieur de la Fabrique ?', 1),
(219, 'Dans quel objet appartenant à Angel les braqueurs ont-il installé un micro ?', 1),
(220, 'Quel serbe est le cousin d\'Helsinki dans la série « La Casa de Papel » ?', 1),
(221, 'Quelle somme le professeur a-t-il prévu d\'imprimer dans « La Casa de Papel » ?', 4),
(222, 'Qui est vu comme le « Mozart des ordinateurs » dans la série « La Casa de Papel » ?', 4),
(223, 'Sur quelle chaîne ibérique a été diffusée la série « La Casa de Papel » ?', 4),
(224, 'Combien de personnes ont été prises en otage dans « La Casa de Papel » ?', 4),
(225, 'Comment se prénomme l\'inspecteur adjoint, collègue et ami de Raquel ?', 4),
(226, 'Quelle voiture « El Profesor » a-t-il eu bien du mal à dissimuler à la police ?', 4),
(227, 'Laquelle de ces villes ne désigne pas un des personnages de « La Casa de Papel » ?', 4),
(228, 'De qui Denver est-il le fils dans la série « La Casa de Papel » ?', 4),
(229, 'Quelle responsable qualité fait dans la fausse monnaie depuis ses treize ans ?', 4),
(230, 'Comment se prénomme la secrétaire du directeur de la Fabrique ?', 4),
(231, 'Avant quelle fête Netflix a-t-il diffusée « La Casa de Papel » en 2017 ?', 5),
(232, 'Pendant combien de temps les braqueurs ont-ils vécus reclus ?', 5),
(233, 'Quel scénariste espagnol a créé la série télévisée à succès « La Casa de Papel » ?', 5),
(234, 'Quel est le véritable prénom de « Tokyo » dans la série « La Casa de Papel » ?', 5),
(235, 'Quel acteur incarne Salvador « Salva » Martin, dit « le Professeur » ?', 5),
(236, 'De quelle oeuvre d\'Edvard Munch fut inspiré un des masques de « La Casa de Papel » ?', 6),
(237, 'Quel rappeur s\'est habillé comme dans la série dans son clip « Sheguey 12 » ?', 6),
(238, 'Quel chant révolutionnaire antifasciste est devenu l\'hymne de la série ?', 6),
(239, 'Combien de fois « La Casa de Papel » a-t-elle été visionnée en France en 2017 ?', 6),
(240, 'Par amour, sous quel nom Monica va-t-elle entrer dans la bande ?', 6),
(241, 'Quelle est la version actuelle de PHP ?', 2),
(242, 'En quelle année est sorti le premier iPhone ?', 2),
(243, 'Qui est le fondateur d\'Amazon ?', 2),
(244, 'La France a gagné 3 coupes du monde', 3),
(245, 'Florian et Allan ont galéré a développer ce projet...', 3),
(246, 'Socket.io > Ratchet', 3);

-- --------------------------------------------------------

--
-- Structure de la table `users`
--

DROP TABLE IF EXISTS `users`;
CREATE TABLE IF NOT EXISTS `users` (
  `id` int NOT NULL AUTO_INCREMENT,
  `username` varchar(255) NOT NULL,
  `password` varchar(255) NOT NULL,
  `email` varchar(255) NOT NULL,
  `role` tinytext CHARACTER SET utf8 COLLATE utf8_general_ci NOT NULL,
  `firstName` varchar(255) NOT NULL,
  `lastName` varchar(255) NOT NULL,
  `createdAt` datetime NOT NULL,
  `picture` varchar(2038) NOT NULL,
  PRIMARY KEY (`id`),
  UNIQUE KEY `username` (`username`),
  UNIQUE KEY `email` (`email`)
) ENGINE=InnoDB AUTO_INCREMENT=8 DEFAULT CHARSET=utf8mb3;

--
-- Déchargement des données de la table `users`
--

INSERT INTO `users` (`id`, `username`, `password`, `email`, `role`, `firstName`, `lastName`, `createdAt`, `picture`) VALUES
(1, 'Admin', '$2y$10$KNzmGjMMmCX3p3N2JpffJOsv3uRnAxXe8tbSYdtEw7Rp7P5qWzCba', 'admin@gmail.com', 'ADMIN', 'Florian', 'Martin', '2021-12-14 20:44:30', 'https://m.media-amazon.com/images/M/MV5BMDJiNzVlNGYtZGQ1MC00NWRlLWEyZDAtZTEzMzdhOWZlZTQ0XkEyXkFqcGdeQXVyMTA0ODU5NjAz._V1_.jpg'),
(2, 'Player1', '$2y$10$ES62ihTcX9wnFz.cs50i2OPEIRxdtACGXa7JmRYNeVEG32gUCw5aC', 'player1@gmail.com', 'PLAYER', 'Allan', 'Breuil', '2021-12-14 20:31:56', 'https://cdn.oneesports.gg/cdn-data/wp-content/uploads/2020/06/LoL_DarkCosmicJhin-1024x604.jpg'),
(3, 'Player2', '$2y$10$ES62ihTcX9wnFz.cs50i2OPEIRxdtACGXa7JmRYNeVEG32gUCw5aC', 'player2@gmail.com', 'PLAYER', 'Valentin', 'Cazzoli', '2021-12-14 20:31:56', 'https://preview.redd.it/an871k4o1sn51.png?width=440&format=png&auto=webp&s=85dcd6cb73b8760802e254ee14dfa3c7ab444591'),
(4, 'Player3', '$2y$10$ES62ihTcX9wnFz.cs50i2OPEIRxdtACGXa7JmRYNeVEG32gUCw5aC', 'player3@gmail.com', 'PLAYER', 'Christophe', 'Petre', '2021-12-14 20:31:56', 'https://www.graphicpie.com/wp-content/uploads/2020/11/cyan-among-us-character.png'),
(5, 'Player4', '$2y$10$ES62ihTcX9wnFz.cs50i2OPEIRxdtACGXa7JmRYNeVEG32gUCw5aC', 'player4@gmail.com', 'PLAYER', 'Alexy', 'Chalopin', '2021-12-14 20:31:56', 'https://www.nawpic.com/media/2020/among-us-character-nawpic-16.png'),
(6, 'Player5', '$2y$10$ES62ihTcX9wnFz.cs50i2OPEIRxdtACGXa7JmRYNeVEG32gUCw5aC', 'player5@gmail.com', 'PLAYER', 'Inès', 'Perria', '2021-12-14 20:31:56', 'https://preview.redd.it/ppawzo4o1sn51.png?width=440&format=png&auto=webp&s=d09c261013546996e8325d507ff230a7e9513793');

--
-- Contraintes pour les tables déchargées
--

--
-- Contraintes pour la table `answers`
--
ALTER TABLE `answers`
  ADD CONSTRAINT `fk_idQuestion` FOREIGN KEY (`question_id`) REFERENCES `questions` (`id`) ON DELETE RESTRICT ON UPDATE RESTRICT;
COMMIT;

/*!40101 SET CHARACTER_SET_CLIENT=@OLD_CHARACTER_SET_CLIENT */;
/*!40101 SET CHARACTER_SET_RESULTS=@OLD_CHARACTER_SET_RESULTS */;
/*!40101 SET COLLATION_CONNECTION=@OLD_COLLATION_CONNECTION */;
